name,slug,linkedCreatorSlug,telegramLink,createdAt,updatedAt
"Amouranth OnlyFans","amouranth-onlyfans-telegram","amouranth-onlyfans","https://t.me/Amouranth_Kaitlyn","2026-04-04T14:45:29.233Z","2026-06-10T19:03:29.066Z"
"Sharonwinner OnlyFans","sharonwinner-onlyfans-telegram","sharonwinner","https://t.me/sharonwinneronlyfan","2026-04-04T14:45:29.689Z","2026-06-10T18:44:45.789Z"
"Milkimind OnlyFans","milkimind-onlyfans-telegram","milkimind","https://t.me/milkimind","2026-04-04T14:45:30.200Z","2026-06-10T19:34:07.400Z"
"Leslyeanuket OnlyFans","leslyeanuket-onlyfans-telegram","leslyeanuket","https://t.me/lesly_w1","2026-04-04T14:45:30.653Z","2026-06-10T17:30:19.422Z"
"Sugeyabrego OnlyFans","sugeyabrego-onlyfans-telegram","sugeyabrego","https://t.me/sugeyabrego","2026-04-04T14:45:31.224Z","2026-06-10T18:49:14.980Z"
"Skylarmaexo OnlyFans","skylarmaexo-onlyfans-telegram","skylarmaexo-onlyfans","https://t.me/skylarmaexo_unofficial","2026-04-04T14:45:31.685Z","2026-06-10T19:52:03.971Z"
"Lily Phillips OnlyFans","lilyphillips-onlyfans-telegram","lilyphillips-onlyfans","https://t.me/lilyphillipsofficial","2026-04-04T14:45:32.141Z","2026-06-10T19:12:23.594Z"
"Angela White OnlyFans","angelawhite-onlyfans-telegram","angelawhite-onlyfans","https://t.me/AngelaWhite_officialchannel","2026-04-04T14:45:32.593Z","2026-06-10T18:37:17.496Z"
"Emma Magnolia OnlyFans","emmamagnoliaxo-onlyfans-telegram","emmamagnoliaxo-onlyfans","https://t.me/emmamagnoliaxo","2026-04-04T14:45:33.168Z","2026-06-10T17:55:46.774Z"
"Francety OnlyFans","francety-onlyfans-telegram","francety-onlyfans","https://t.me/francety_oficial","2026-04-04T14:45:33.626Z","2026-06-10T18:14:03.185Z"
"Ana Cheri OnlyFans","anacheri-onlyfans-telegram","anacheri-onlyfans","https://t.me/anacherio","2026-04-04T14:45:34.092Z","2026-06-10T19:39:37.893Z"
"Belle Delphine OnlyFans","belledelphine-onlyfans-telegram","belledelphine-onlyfans","https://t.me/belledelphine","2026-04-04T14:45:34.548Z","2026-06-10T18:37:40.625Z"
"Sophie Rain OnlyFans","sophieraiin-onlyfans-telegram","sophieraiin-onlyfans","https://t.me/sophieraiinof0","2026-04-04T14:45:35.522Z","2026-06-10T19:49:45.803Z"
"Bryce Adams OnlyFans","bryceadamsfree-onlyfans-telegram","bryceadamsfree-onlyfans","https://t.me/fitbryceadams","2026-04-04T14:45:35.974Z","2026-06-10T19:39:35.068Z"
"Sofia Gomez OnlyFans","sofiiiiagomez-onlyfans-telegram","sofiiiiagomez-onlyfans","https://t.me/sofiiagomez_of","2026-04-04T14:45:36.436Z","2026-06-10T19:43:14.598Z"
"Chloe Khan OnlyFans","chloekhan-onlyfans-telegram","chloekhan-onlyfans","https://t.me/OnlyChloeKhan","2026-04-04T14:45:37.339Z","2026-06-10T19:01:39.726Z"
"Tana Mongeau OnlyFans","tanamongeau-onlyfans-telegram","tanamongeau-onlyfans","https://t.me/tanamongeau_official","2026-04-04T14:45:37.797Z","2026-06-10T19:39:25.237Z"
"Valentina Nappi OnlyFans","valenappi-onlyfans-telegram","valenappi-onlyfans","https://t.me/canalenappi","2026-04-04T14:45:38.251Z","2026-06-10T19:49:45.785Z"
"Mia Khalifa OnlyFans","miakhalifa-onlyfans-telegram","miakhalifa-onlyfans","https://t.me/miakalifaofficial","2026-04-04T14:45:38.702Z","2026-06-10T19:24:25.164Z"
"Milamondell OnlyFans","milamondell-onlyfans-telegram","milamondell-onlyfans","https://t.me/milamondell","2026-04-04T14:45:39.155Z","2026-06-10T17:58:06.131Z"
"Bhad Bhabie OnlyFans","bhadbhabie-onlyfans-telegram","bhadbhabie-onlyfans","https://t.me/bhabiegang","2026-04-04T14:45:39.615Z","2026-06-10T19:54:08.476Z"
"Gem101 OnlyFans","gem101-onlyfans-telegram","gem101-onlyfans","https://t.me/GemmaMcCourt01","2026-04-04T14:45:40.077Z","2026-06-10T19:40:15.552Z"
"Camilla Araujo OnlyFans","camillaxaraujo-onlyfans-telegram","camillaxaraujo-onlyfans","https://t.me/+OUJhbSmDo_FhZGU1","2026-04-04T14:45:40.537Z","2026-06-10T17:31:38.584Z"
"Erica Mena OnlyFans","ericamena-onlyfans-telegram","ericamena-onlyfans","https://t.me/s/ericamena","2026-04-04T14:45:40.989Z","2026-06-10T17:05:56.017Z"
"Yeri Mua OnlyFans","yerimua-onlyfans-telegram","yerimua-onlyfans","https://t.me/YeriMua","2026-04-04T14:45:41.445Z","2026-06-10T19:01:34.198Z"
"Mia Malkova OnlyFans","miamalkova-onlyfans-telegram","miamalkova-onlyfans","https://t.me/Miamalkovaisme","2026-04-04T14:45:41.892Z","2026-06-10T19:24:56.554Z"
"Violet Myers OnlyFans","violetmyers-onlyfans-telegram","violetmyers-onlyfans","https://t.me/VioletMyers","2026-04-04T14:45:42.381Z","2026-06-10T19:43:33.078Z"