username,name,slug,createdAt,updatedAt,avatar
"belledelphine","belledelphine","belledelphine-onlyfans","","2026-04-03T19:30:52.877Z","https://pub-5800916b33a845e4b67e2d5be553c1e3.r2.dev/onlyfanssearch/belledelphine-onlyfans.jpg"
"angelawhite","ANGELA WHITE","angelawhite-onlyfans","2026-03-25T03:05:07.039Z","2026-06-10T00:16:23.525Z","https://pub-5800916b33a845e4b67e2d5be553c1e3.r2.dev/onlyfanssearch/angelawhite-onlyfans.jpg"
"haileyrose","haileyrose","haileyrose-onlyfans","2026-03-25T04:29:31.931Z","2026-06-10T17:43:36.034Z","https://pub-5800916b33a845e4b67e2d5be553c1e3.r2.dev/onlyfanssearch/haileyrose-onlyfans.jpg"
"waifumiia","waifumiia","waifumiia-onlyfans","2026-03-25T04:30:51.834Z","2026-06-10T13:47:18.412Z","https://pub-5800916b33a845e4b67e2d5be553c1e3.r2.dev/onlyfanssearch/waifumiia-onlyfans.jpg"
"amouranth","Amouranth","amouranth-onlyfans","2026-03-25T04:31:32.624Z","2026-06-10T18:28:24.287Z","https://pub-5800916b33a845e4b67e2d5be553c1e3.r2.dev/onlyfanssearch/amouranth-onlyfans.jpg"
"livvalittle","The Girl Next Door","livvalittle-onlyfans","2026-03-25T04:52:47.716Z","2026-06-09T13:01:56.654Z","https://pub-5800916b33a845e4b67e2d5be553c1e3.r2.dev/onlyfanssearch/livvalittle-onlyfans.jpg"
"cocoalicemodel","cocoalicemodel","cocoalicemodel-onlyfans","2026-03-25T04:53:20.851Z","2026-05-10T22:06:27.478Z","https://pub-5800916b33a845e4b67e2d5be553c1e3.r2.dev/onlyfanssearch/cocoalicemodel-onlyfans.jpg"
"chloekhan","chloekhan","chloekhan-onlyfans","2026-03-25T06:47:55.510Z","2026-06-08T20:47:42.508Z","https://pub-5800916b33a845e4b67e2d5be553c1e3.r2.dev/onlyfanssearch/chloekhan-onlyfans.jpg"
"harlowexo","harlowexo","harlowexo-onlyfans","2026-03-25T06:48:46.586Z","2026-03-25T06:48:46.586Z","https://pub-5800916b33a845e4b67e2d5be553c1e3.r2.dev/onlyfanssearch/harlowexo-onlyfans.jpg"
"paolaaxo","Paola🖤Ebony queen👑","paolaaxo-onlyfans","2026-03-25T08:42:10.699Z","2026-06-10T01:36:57.418Z","https://pub-5800916b33a845e4b67e2d5be553c1e3.r2.dev/onlyfanssearch/paolaaxo-onlyfans.jpg"
"stellabrooks","CREAM KWEEN STELLA💦","stellabrooks-onlyfans","2026-03-25T14:45:02.493Z","2026-06-09T18:54:27.278Z","https://pub-5800916b33a845e4b67e2d5be553c1e3.r2.dev/onlyfanssearch/stellabrooks-onlyfans.jpg"
"miamalkova","miamalkova","miamalkova-onlyfans","2026-03-26T01:21:51.442Z","2026-06-10T15:04:16.977Z","https://pub-5800916b33a845e4b67e2d5be553c1e3.r2.dev/onlyfanssearch/miamalkova-onlyfans.jpg"
"miakhalifa","miakhalifa","miakhalifa-onlyfans","2026-03-26T13:57:16.842Z","2026-06-10T05:47:33.830Z","https://pub-5800916b33a845e4b67e2d5be553c1e3.r2.dev/onlyfanssearch/miakhalifa-onlyfans.jpg"
"lilyyy92y51","lilyyy92y51","lilyyy92y51-onlyfans","2026-03-26T14:07:15.268Z","2026-03-26T14:07:15.268Z","https://pub-5800916b33a845e4b67e2d5be553c1e3.r2.dev/onlyfanssearch/lilyyy92y51-onlyfans.jpg"
"lilyblack","lilyblack","lilyblack-onlyfans","2026-03-26T14:07:15.288Z","2026-03-26T14:07:15.288Z","https://pub-5800916b33a845e4b67e2d5be553c1e3.r2.dev/onlyfanssearch/lilyblack-onlyfans.jpg"
"jane_stone","jane_stone","jane-stone-onlyfans","2026-03-26T19:26:30.465Z","2026-03-26T19:26:30.465Z","https://pub-5800916b33a845e4b67e2d5be553c1e3.r2.dev/onlyfanssearch/jane-stone-onlyfans.jpg"
"sofiiiiagomez","sofia gomez","sofiiiiagomez-onlyfans","2026-03-27T05:38:51.314Z","2026-06-09T15:39:26.847Z","https://pub-5800916b33a845e4b67e2d5be553c1e3.r2.dev/onlyfanssearch/sofiiiiagomez-onlyfans.jpg"
"violetmyers","violetmyers","violetmyers-onlyfans","2026-03-27T05:38:58.972Z","2026-06-09T15:22:16.551Z","https://pub-5800916b33a845e4b67e2d5be553c1e3.r2.dev/onlyfanssearch/violetmyers-onlyfans.jpg"
"brienightwood","brienightwood","brienightwood-onlyfans","2026-03-27T08:02:07.056Z","2026-06-10T03:35:18.845Z","https://pub-5800916b33a845e4b67e2d5be553c1e3.r2.dev/onlyfanssearch/brienightwood-onlyfans.jpg"
"virtual_lady","💖Virtual Lady💦","virtual-lady-onlyfans","2026-03-30T06:41:52.981Z","2026-03-30T06:41:52.981Z","https://pub-5800916b33a845e4b67e2d5be553c1e3.r2.dev/onlyfanssearch/virtual-lady-onlyfans.jpg"
"shayerivers","Shaye ❤️big titty redhead❤️","shayerivers-onlyfans","2026-03-30T07:14:18.747Z","2026-06-07T13:42:05.314Z","https://pub-5800916b33a845e4b67e2d5be553c1e3.r2.dev/onlyfanssearch/shayerivers-onlyfans.jpg"
"bryceadamsfree","Bryce Adams Free","bryceadamsfree-onlyfans","2026-04-03T05:02:55.303Z","2026-06-08T02:41:12.431Z","https://pub-5800916b33a845e4b67e2d5be553c1e3.r2.dev/onlyfanssearch/bryceadamsfree-onlyfans.jpg"
"bellapuffs","Bella","bellapuffs-onlyfans","2026-04-03T05:33:52.666Z","2026-04-03T05:33:52.666Z","https://pub-5800916b33a845e4b67e2d5be553c1e3.r2.dev/onlyfanssearch/bellapuffs-onlyfans.jpg"
"madisonlivv","Madi Liv","madisonlivv-onlyfans","2026-04-03T05:34:10.517Z","2026-04-03T05:34:10.517Z","https://pub-5800916b33a845e4b67e2d5be553c1e3.r2.dev/onlyfanssearch/madisonlivv-onlyfans.jpg"
"emmamagnoliaxo","Emma Magnolia","emmamagnoliaxo-onlyfans","2026-04-03T05:55:24.458Z","2026-06-09T22:03:57.828Z","https://pub-5800916b33a845e4b67e2d5be553c1e3.r2.dev/onlyfanssearch/emmamagnoliaxo-onlyfans.jpg"
"yerimua","tu bratz favorita","yerimua-onlyfans","2026-04-03T05:55:24.850Z","2026-04-03T05:55:24.850Z","https://pub-5800916b33a845e4b67e2d5be553c1e3.r2.dev/onlyfanssearch/yerimua-onlyfans.jpg"
"lilyphillips","Lily Phillips","lilyphillips-onlyfans","2026-04-03T05:55:40.979Z","2026-06-10T19:23:02.335Z","https://pub-5800916b33a845e4b67e2d5be553c1e3.r2.dev/onlyfanssearch/lilyphillips-onlyfans.jpg"
"sophieraiin","Sophie Rain","sophieraiin-onlyfans","2026-04-03T05:55:41.179Z","2026-06-10T18:28:33.634Z","https://pub-5800916b33a845e4b67e2d5be553c1e3.r2.dev/onlyfanssearch/sophieraiin-onlyfans.jpg"
"cutiekyliee","Kylie Brooks","cutiekyliee-onlyfans","2026-04-03T06:13:08.148Z","2026-04-03T06:13:08.148Z","https://pub-5800916b33a845e4b67e2d5be553c1e3.r2.dev/onlyfanssearch/cutiekyliee-onlyfans.jpg"
"dollydysonxxx","Dolly Dyson VIP","dollydysonxxx-onlyfans","2026-04-03T06:13:08.359Z","2026-04-03T06:13:08.359Z","https://pub-5800916b33a845e4b67e2d5be553c1e3.r2.dev/onlyfanssearch/dollydysonxxx-onlyfans.jpg"
"bebemoonvip","Bebe 🌙","bebemoonvip-onlyfans","2026-04-03T06:13:08.559Z","2026-06-04T05:12:14.468Z","https://pub-5800916b33a845e4b67e2d5be553c1e3.r2.dev/onlyfanssearch/bebemoonvip-onlyfans.jpg"
"xoxjessox","JESS ♡♡♡","xoxjessox-onlyfans","2026-04-03T06:14:25.581Z","2026-06-10T13:31:01.359Z","https://pub-5800916b33a845e4b67e2d5be553c1e3.r2.dev/onlyfanssearch/xoxjessox-onlyfans.jpg"
"jessie_ca_xo","Jess🦋","jessie-ca-xo-onlyfans","2026-04-03T06:15:05.967Z","2026-04-03T06:15:05.967Z","https://pub-5800916b33a845e4b67e2d5be553c1e3.r2.dev/onlyfanssearch/jessie-ca-xo-onlyfans.jpg"
"lornaisville","Lorna 🍑","lornaisville-onlyfans","2026-04-03T06:15:06.438Z","2026-04-03T06:15:06.438Z","https://pub-5800916b33a845e4b67e2d5be553c1e3.r2.dev/onlyfanssearch/lornaisville-onlyfans.jpg"
"moya_maya","Maya🌻","moya-maya-onlyfans","2026-04-03T06:15:23.995Z","2026-04-03T06:15:23.995Z","https://pub-5800916b33a845e4b67e2d5be553c1e3.r2.dev/onlyfanssearch/moya-maya-onlyfans.jpg"
"olivia_greys","Olivia🌸","olivia-greys-onlyfans","2026-04-03T06:15:25.270Z","2026-04-03T06:15:25.270Z","https://pub-5800916b33a845e4b67e2d5be553c1e3.r2.dev/onlyfanssearch/olivia-greys-onlyfans.jpg"
"princess_karina","Karina🍭","princess-karina-onlyfans","2026-04-03T06:15:28.066Z","2026-04-03T06:15:28.066Z","https://pub-5800916b33a845e4b67e2d5be553c1e3.r2.dev/onlyfanssearch/princess-karina-onlyfans.jpg"
"bunnyyspit","mimi  ♡","bunnyyspit-onlyfans","2026-04-03T06:16:03.532Z","2026-04-03T06:16:03.532Z","https://pub-5800916b33a845e4b67e2d5be553c1e3.r2.dev/onlyfanssearch/bunnyyspit-onlyfans.jpg"
"itssofiabae","Sofia 🧚","itssofiabae-onlyfans","2026-04-03T06:16:04.786Z","2026-04-03T06:16:04.786Z","https://pub-5800916b33a845e4b67e2d5be553c1e3.r2.dev/onlyfanssearch/itssofiabae-onlyfans.jpg"
"sienna.swan","Sienna","sienna-swan-onlyfans","2026-04-03T06:17:02.697Z","2026-04-03T06:17:02.697Z","https://pub-5800916b33a845e4b67e2d5be553c1e3.r2.dev/onlyfanssearch/sienna-swan-onlyfans.jpg"
"talia_iman","Talia ✦ Islamic Soul","talia-iman-onlyfans","2026-04-03T06:17:26.161Z","2026-04-03T06:17:26.161Z","https://pub-5800916b33a845e4b67e2d5be553c1e3.r2.dev/onlyfanssearch/talia-iman-onlyfans.jpg"
"daiseyrose","daisey rose","daiseyrose-onlyfans","2026-04-03T06:17:43.357Z","2026-04-03T06:17:43.357Z","https://pub-5800916b33a845e4b67e2d5be553c1e3.r2.dev/onlyfanssearch/daiseyrose-onlyfans.jpg"
"your_angel_or_devil","V_White_Devil","your-angel-or-devil-onlyfans","2026-04-03T06:17:59.527Z","2026-04-03T06:17:59.527Z","https://pub-5800916b33a845e4b67e2d5be553c1e3.r2.dev/onlyfanssearch/your-angel-or-devil-onlyfans.jpg"
"mariabellarose","Maria🇺🇸🇫🇷Gymnastics Girl 🤸🏻‍♀️","mariabellarose-onlyfans","2026-04-03T06:18:00.747Z","2026-04-03T06:18:00.747Z","https://pub-5800916b33a845e4b67e2d5be553c1e3.r2.dev/onlyfanssearch/mariabellarose-onlyfans.jpg"
"naughtyyun","𝒀𝒖𝒏𝒚𝒖𝒏 🍑32H Yummy Boobs SQ💦Girl 🔝0.24","naughtyyun-onlyfans","2026-04-03T06:18:17.012Z","2026-04-03T06:18:17.012Z","https://pub-5800916b33a845e4b67e2d5be553c1e3.r2.dev/onlyfanssearch/naughtyyun-onlyfans.jpg"
"lilmia","Mia","lilmia-onlyfans","2026-04-03T06:18:17.235Z","2026-04-03T06:18:17.235Z","https://pub-5800916b33a845e4b67e2d5be553c1e3.r2.dev/onlyfanssearch/lilmia-onlyfans.jpg"
"ana.petite","Ana 💗","ana-petite-onlyfans","2026-04-03T06:18:57.358Z","2026-04-03T06:18:57.358Z","https://pub-5800916b33a845e4b67e2d5be553c1e3.r2.dev/onlyfanssearch/ana-petite-onlyfans.jpg"
"briannabums","Brianna Bums","briannabums-onlyfans","2026-04-03T06:19:18.393Z","2026-04-03T06:19:18.393Z","https://pub-5800916b33a845e4b67e2d5be553c1e3.r2.dev/onlyfanssearch/briannabums-onlyfans.jpg"
"vikingdoll.vip","@VikingDoll.vip","vikingdoll-vip-onlyfans","2026-04-03T06:19:35.610Z","2026-05-28T01:15:43.390Z","https://pub-5800916b33a845e4b67e2d5be553c1e3.r2.dev/onlyfanssearch/vikingdoll-vip-onlyfans.jpg"
"anacheri","Ana Cheri 🐰 Miss October","anacheri-onlyfans","2026-04-03T06:19:37.522Z","2026-06-10T08:06:19.570Z","https://pub-5800916b33a845e4b67e2d5be553c1e3.r2.dev/onlyfanssearch/anacheri-onlyfans.jpg"
"francety","Francety","francety-onlyfans","2026-04-03T06:19:37.707Z","2026-06-10T04:10:30.386Z","https://pub-5800916b33a845e4b67e2d5be553c1e3.r2.dev/onlyfanssearch/francety-onlyfans.jpg"
"skylarmaexo","Skylarmaexo RATED #1 PAGE ON ONLYFANS 🏆","skylarmaexo-onlyfans","2026-04-03T06:19:54.612Z","2026-06-10T19:12:40.265Z","https://pub-5800916b33a845e4b67e2d5be553c1e3.r2.dev/onlyfanssearch/skylarmaexo-onlyfans.jpg"
"tanamongeau","❤️‍🔥 tana mongeau","tanamongeau-onlyfans","2026-04-03T06:20:19.446Z","2026-06-06T17:34:22.371Z","https://pub-5800916b33a845e4b67e2d5be553c1e3.r2.dev/onlyfanssearch/tanamongeau-onlyfans.jpg"
"valenappi","Valentina Nappi","valenappi-onlyfans","2026-04-03T06:20:20.596Z","2026-06-09T14:35:23.215Z","https://pub-5800916b33a845e4b67e2d5be553c1e3.r2.dev/onlyfanssearch/valenappi-onlyfans.jpg"
"camillaxaraujo","Camilla Araujo","camillaxaraujo-onlyfans","2026-04-03T06:20:20.792Z","2026-04-03T06:20:20.792Z","https://pub-5800916b33a845e4b67e2d5be553c1e3.r2.dev/onlyfanssearch/camillaxaraujo-onlyfans.jpg"
"ericamena","Erica Mena","ericamena-onlyfans","2026-04-03T06:20:38.026Z","2026-04-04T09:28:44.831Z","https://pub-5800916b33a845e4b67e2d5be553c1e3.r2.dev/onlyfanssearch/ericamena-onlyfans.jpg"
"veradijkmansofficial","Vera 🍑","veradijkmansofficial-onlyfans","2026-04-03T06:20:38.221Z","2026-06-09T06:39:06.333Z","https://pub-5800916b33a845e4b67e2d5be553c1e3.r2.dev/onlyfanssearch/veradijkmansofficial-onlyfans.jpg"
"laurenrosegoodger","Lauren Goodger","laurenrosegoodger-onlyfans","2026-04-03T06:20:54.781Z","2026-04-03T06:20:54.781Z","https://pub-5800916b33a845e4b67e2d5be553c1e3.r2.dev/onlyfanssearch/laurenrosegoodger-onlyfans.jpg"
"ashleyyyreyyy","ashhhhh:))","ashleyyyreyyy-onlyfans","2026-04-03T06:20:56.026Z","2026-06-10T17:00:42.920Z","https://pub-5800916b33a845e4b67e2d5be553c1e3.r2.dev/onlyfanssearch/ashleyyyreyyy-onlyfans.jpg"
"ambsofficialxo","Ambs 🍒","ambsofficialxo-onlyfans","2026-04-03T06:21:16.768Z","2026-06-10T18:32:01.252Z","https://pub-5800916b33a845e4b67e2d5be553c1e3.r2.dev/onlyfanssearch/ambsofficialxo-onlyfans.jpg"
"lu2hot","Lu🫶","lu2hot-onlyfans","2026-04-03T06:21:17.131Z","2026-04-03T06:21:17.131Z","https://pub-5800916b33a845e4b67e2d5be553c1e3.r2.dev/onlyfanssearch/lu2hot-onlyfans.jpg"
"mrsrobinsonvip","Mrs. Robinson","mrsrobinsonvip-onlyfans","2026-04-03T06:21:33.211Z","2026-05-30T21:09:04.876Z","https://pub-5800916b33a845e4b67e2d5be553c1e3.r2.dev/onlyfanssearch/mrsrobinsonvip-onlyfans.jpg"
"zooemoore","Zoe","zooemoore-onlyfans","2026-04-03T06:21:34.357Z","2026-06-09T11:08:09.792Z","https://pub-5800916b33a845e4b67e2d5be553c1e3.r2.dev/onlyfanssearch/zooemoore-onlyfans.jpg"
"babydollll","ms.sethi 😈","babydollll-onlyfans","2026-04-03T06:21:50.885Z","2026-06-10T00:35:46.038Z","https://pub-5800916b33a845e4b67e2d5be553c1e3.r2.dev/onlyfanssearch/babydollll-onlyfans.jpg"
"sophiedeeprivateclub","Sophiedeeprivateclub","sophiedeeprivateclub-onlyfans","2026-04-03T06:21:52.073Z","2026-04-03T06:21:52.073Z","https://pub-5800916b33a845e4b67e2d5be553c1e3.r2.dev/onlyfanssearch/sophiedeeprivateclub-onlyfans.jpg"
"annaeris","Anna","annaeris-onlyfans","2026-04-03T06:23:23.938Z","2026-04-03T06:23:23.938Z","https://pub-5800916b33a845e4b67e2d5be553c1e3.r2.dev/onlyfanssearch/annaeris-onlyfans.jpg"
"tinykatrina","kat ≽^•⩊•^≼","tinykatrina-onlyfans","2026-04-03T06:23:24.137Z","2026-04-03T06:23:24.137Z","https://pub-5800916b33a845e4b67e2d5be553c1e3.r2.dev/onlyfanssearch/tinykatrina-onlyfans.jpg"
"esmeleaah","🌸 𝓔𝓼𝓶𝓮𝓵𝓮𝓪𝓱 🌸","esmeleaah-onlyfans","2026-04-03T06:23:40.765Z","2026-04-03T06:23:40.765Z","https://pub-5800916b33a845e4b67e2d5be553c1e3.r2.dev/onlyfanssearch/esmeleaah-onlyfans.jpg"
"littlekatrina","⋆˚࿔ 𝒦𝒶𝓉𝓇𝒾𝓃𝒶 🧸 𝜗𝜚˚","littlekatrina-onlyfans","2026-04-03T06:23:59.164Z","2026-06-09T11:08:18.445Z","https://pub-5800916b33a845e4b67e2d5be553c1e3.r2.dev/onlyfanssearch/littlekatrina-onlyfans.jpg"
"kissxalice","alice","kissxalice-onlyfans","2026-04-03T06:24:32.894Z","2026-04-03T06:24:32.894Z","https://pub-5800916b33a845e4b67e2d5be553c1e3.r2.dev/onlyfanssearch/kissxalice-onlyfans.jpg"
"organickitty","Princess Kitty 💗 𝙋𝙧𝙚𝙩𝙩𝙞𝙚𝙨𝙩 𝙋𝙪𝙨𝙨𝙮 𝙊𝙣𝙡𝙞𝙣𝙚","organickitty-onlyfans","2026-04-03T06:24:34.253Z","2026-04-03T06:24:34.253Z","https://pub-5800916b33a845e4b67e2d5be553c1e3.r2.dev/onlyfanssearch/organickitty-onlyfans.jpg"
"parkerpreroll","Parker Preroll","parkerpreroll-onlyfans","2026-04-03T06:24:50.710Z","2026-04-03T06:24:50.710Z","https://pub-5800916b33a845e4b67e2d5be553c1e3.r2.dev/onlyfanssearch/parkerpreroll-onlyfans.jpg"
"pandoralynx","Pandora Lynx 🐾","pandoralynx-onlyfans","2026-04-03T06:24:51.957Z","2026-04-03T06:24:51.957Z","https://pub-5800916b33a845e4b67e2d5be553c1e3.r2.dev/onlyfanssearch/pandoralynx-onlyfans.jpg"
"vixenamelia","Amelia Carrington","vixenamelia-onlyfans","2026-04-03T06:25:08.269Z","2026-04-03T06:25:08.269Z","https://pub-5800916b33a845e4b67e2d5be553c1e3.r2.dev/onlyfanssearch/vixenamelia-onlyfans.jpg"
"angelrosie2003","rosie 🤍","angelrosie2003-onlyfans","2026-04-03T06:25:26.536Z","2026-05-30T19:41:25.776Z","https://pub-5800916b33a845e4b67e2d5be553c1e3.r2.dev/onlyfanssearch/angelrosie2003-onlyfans.jpg"
"lavaxgrl","LAVAGRLL 🔥","lavaxgrl-onlyfans","2026-04-03T06:26:09.708Z","2026-06-08T19:00:55.293Z","https://pub-5800916b33a845e4b67e2d5be553c1e3.r2.dev/onlyfanssearch/lavaxgrl-onlyfans.jpg"
"jocibaker","Jocelyn Baker","jocibaker-onlyfans","2026-04-03T06:26:09.906Z","2026-06-09T15:35:19.664Z","https://pub-5800916b33a845e4b67e2d5be553c1e3.r2.dev/onlyfanssearch/jocibaker-onlyfans.jpg"
"gem101","The one ❤️","gem101-onlyfans","2026-04-03T06:26:56.828Z","2026-06-01T07:38:29.415Z","https://pub-5800916b33a845e4b67e2d5be553c1e3.r2.dev/onlyfanssearch/gem101-onlyfans.jpg"
"milamondell","milamondell","milamondell-onlyfans","2026-04-03T06:26:58.016Z","2026-04-03T10:31:51.947Z","https://pub-5800916b33a845e4b67e2d5be553c1e3.r2.dev/onlyfanssearch/milamondell-onlyfans.jpg"
"bhadbhabie","Bhad Bhabie","bhadbhabie-onlyfans","2026-04-03T06:26:58.203Z","2026-06-09T20:12:50.553Z","https://pub-5800916b33a845e4b67e2d5be553c1e3.r2.dev/onlyfanssearch/bhadbhabie-onlyfans.jpg"
"ashtonfieldss","Ashton","ashtonfieldss-onlyfans","2026-04-03T06:27:56.209Z","2026-06-08T20:43:11.878Z","https://pub-5800916b33a845e4b67e2d5be553c1e3.r2.dev/onlyfanssearch/ashtonfieldss-onlyfans.jpg"